ID,email,first_name,last_name,city,state,address,zip,phone1,storeID
1,jbutt@gmail.com,James,Butt,New Orleans,LA,6649 N Blue Gum St,70116,504-621-8927,33
2,josephine_darakjy@darakjy.org,Josephine,Darakjy,Brighton,MI,4 B Blue Ridge Blvd,48116,810-292-9388,10
3,art@venere.org,Art,Venere,Bridgeport,NJ,8 W Cerritos Ave #54,8014,856-636-8749,28
4,lpaprocki@hotmail.com,Lenna,Paprocki,Anchorage,AK,639 Main St,99501,907-385-4412,7
5,donette.foller@cox.net,Donette,Foller,Hamilton,OH,34 Center St,45011,513-570-1893,12
6,simona@morasca.com,Simona,Morasca,Ashland,OH,3 Mcauley Dr,44805,419-503-2484,28
7,mitsue_tollner@yahoo.com,Mitsue,Tollner,Chicago,IL,7 Eads St,60632,773-573-6914,30
8,leota@hotmail.com,Leota,Dilliard,San Jose,CA,7 W Jackson Blvd,95111,408-752-3500,16
9,sage_wieser@cox.net,Sage,Wieser,Sioux Falls,SD,5 Boston Ave #88,57105,605-414-2147,9
10,kris@gmail.com,Kris,Marrier,Baltimore,MD,228 Runamuck Pl #2808,21224,410-655-8723,23
11,minna_amigon@yahoo.com,Minna,Amigon,Kulpsville,PA,2371 Jerrold Ave,19443,215-874-1229,42
12,amaclead@gmail.com,Abel,Maclead,Middle Island,NY,37275 St  Rt 17m M,11953,631-335-3414,4
13,kiley.caldarera@aol.com,Kiley,Caldarera,Los Angeles,CA,25 E 75th St #69,90034,310-498-5651,17
14,gruta@cox.net,Graciela,Ruta,Chagrin Falls,OH,98 Connecticut Ave Nw,44023,440-780-8425,33
15,calbares@gmail.com,Cammy,Albares,Laredo,TX,56 E Morehead St,78045,956-537-6195,36
16,mattie@aol.com,Mattie,Poquette,Phoenix,AZ,73 State Road 434 E,85013,602-277-4385,10
17,meaghan@hotmail.com,Meaghan,Garufi,Mc Minnville,TN,69734 E Carrillo St,37110,931-313-9635,39
18,gladys.rim@rim.org,Gladys,Rim,Milwaukee,WI,322 New Horizon Blvd,53207,414-661-9598,16
19,yuki_whobrey@aol.com,Yuki,Whobrey,Taylor,MI,1 State Route 27,48180,313-288-7937,16
20,fletcher.flosi@yahoo.com,Fletcher,Flosi,Rockford,IL,394 Manchester Blvd,61109,815-828-2147,34
21,bette_nicka@cox.net,Bette,Nicka,Aston,PA,6 S 33rd St,19014,610-545-3615,42
22,vinouye@aol.com,Veronika,Inouye,San Jose,CA,6 Greenleaf Ave,95111,408-540-1785,9
23,willard@hotmail.com,Willard,Kolmetz,Irving,TX,618 W Yakima Ave,75062,972-303-9197,37
24,mroyster@royster.com,Maryann,Royster,Albany,NY,74 S Westgate St,12204,518-966-7987,33
25,alisha@slusarski.com,Alisha,Slusarski,Middlesex,NJ,3273 State St,8846,732-658-3154,35
26,allene_iturbide@cox.net,Allene,Iturbide,Stevens Point,WI,1 Central Ave,54481,715-662-6764,20
27,chanel.caudy@caudy.org,Chanel,Caudy,Shawnee,KS,86 Nw 66th St #8673,66218,913-388-2079,31
28,ezekiel@chui.com,Ezekiel,Chui,Easton,MD,2 Cedar Ave #84,21601,410-669-1642,11
29,wkusko@yahoo.com,Willow,Kusko,New York,NY,90991 Thorburn Ave,10011,212-582-4976,17
30,bfigeroa@aol.com,Bernardo,Figeroa,Conroe,TX,386 9th Ave N,77301,936-336-3951,15
31,ammie@corrio.com,Ammie,Corrio,Columbus,OH,74874 Atlantic Ave,43215,614-801-9788,32
32,francine_vocelka@vocelka.com,Francine,Vocelka,Las Cruces,NM,366 South Dr,88011,505-977-3911,5
33,ernie_stenseth@aol.com,Ernie,Stenseth,Ridgefield Park,NJ,45 E Liberty St,7660,201-709-6245,42
34,albina@glick.com,Albina,Glick,Dunellen,NJ,4 Ralph Ct,8812,732-924-7882,7
35,asergi@gmail.com,Alishia,Sergi,New York,NY,2742 Distribution Way,10025,212-860-1579,9
36,solange@shinko.com,Solange,Shinko,Metairie,LA,426 Wolf St,70002,504-979-9175,30
37,jose@yahoo.com,Jose,Stockham,New York,NY,128 Bransten Rd,10011,212-675-8570,43
38,rozella.ostrosky@ostrosky.com,Rozella,Ostrosky,Camarillo,CA,17 Morena Blvd,93012,805-832-6163,2
39,valentine_gillian@gmail.com,Valentine,Gillian,San Antonio,TX,775 W 17th St,78204,210-812-9597,28
40,kati.rulapaugh@hotmail.com,Kati,Rulapaugh,Abilene,KS,6980 Dorsett Rd,67410,785-463-7829,6
41,youlanda@aol.com,Youlanda,Schemmer,Prineville,OR,2881 Lewis Rd,97754,541-548-8197,46
42,doldroyd@aol.com,Dyan,Oldroyd,Overland Park,KS,7219 Woodfield Rd,66204,913-413-4604,5
43,roxane@hotmail.com,Roxane,Campain,Fairbanks,AK,1048 Main St,99708,907-231-4722,29
44,lperin@perin.org,Lavera,Perin,Miami,FL,678 3rd Ave,33196,305-606-7291,46
45,erick.ferencz@aol.com,Erick,Ferencz,Fairbanks,AK,20 S Babcock St,99712,907-741-1044,15
46,fsaylors@saylors.org,Fatima,Saylors,Hopkins,MN,2 Lighthouse Ave,55343,952-768-2416,35
47,jina_briddick@briddick.com,Jina,Briddick,Boston,MA,38938 Park Blvd,2128,617-399-5124,24
48,kanisha_waycott@yahoo.com,Kanisha,Waycott,Los Angeles,CA,5 Tomahawk Dr,90006,323-453-2780,24
49,emerson.bowley@bowley.org,Emerson,Bowley,Madison,WI,762 S Main St,53711,608-336-7444,41
50,bmalet@yahoo.com,Blair,Malet,Philadelphia,PA,209 Decker Dr,19132,215-907-9111,6
51,bbolognia@yahoo.com,Brock,Bolognia,New York,NY,4486 W O St #1,10003,212-402-9216,30
52,lnestle@hotmail.com,Lorrie,Nestle,Tullahoma,TN,39 S 7th St,37388,931-875-6644,21
53,sabra@uyetake.org,Sabra,Uyetake,Columbia,SC,98839 Hawthorne Blvd #6101,29201,803-925-5213,11
54,mmastella@mastella.com,Marjory,Mastella,Wayne,PA,71 San Mateo Ave,19087,610-814-5533,38
55,karl_klonowski@yahoo.com,Karl,Klonowski,Flemington,NJ,76 Brooks St #9,8822,908-877-6135,21
56,twenner@aol.com,Tonette,Wenner,Westbury,NY,4545 Courthouse Rd,11590,516-968-6051,12
57,amber_monarrez@monarrez.org,Amber,Monarrez,Jenkintown,PA,14288 Foster Ave #4121,19046,215-934-8655,35
58,shenika@gmail.com,Shenika,Seewald,Van Nuys,CA,4 Otis St,91405,818-423-4007,31
59,delmy.ahle@hotmail.com,Delmy,Ahle,Providence,RI,65895 S 16th St,2909,401-458-2547,29
60,deeanna_juhas@gmail.com,Deeanna,Juhas,Huntingdon Valley,PA,14302 Pennsylvania Ave,19006,215-211-9589,30
61,bpugh@aol.com,Blondell,Pugh,Providence,RI,201 Hawk Ct,2904,401-960-8259,15
62,jamal@vanausdal.org,Jamal,Vanausdal,Monroe Township,NJ,53075 Sw 152nd Ter #615,8831,732-234-1546,19
63,cecily@hollack.org,Cecily,Hollack,Austin,TX,59 N Groesbeck Hwy,78731,512-486-3817,9
64,carmelina_lindall@lindall.com,Carmelina,Lindall,Littleton,CO,2664 Lewis Rd,80126,303-724-7371,38
65,maurine_yglesias@yglesias.com,Maurine,Yglesias,Milwaukee,WI,59 Shady Ln #53,53214,414-748-1374,12
66,tawna@gmail.com,Tawna,Buvens,New York,NY,3305 Nabell Ave #679,10009,212-674-9610,24
67,penney_weight@aol.com,Penney,Weight,Anchorage,AK,18 Fountain St,99515,907-797-9628,6
68,elly_morocco@gmail.com,Elly,Morocco,Erie,PA,7 W 32nd St,16502,814-393-5571,32
69,ilene.eroman@hotmail.com,Ilene,Eroman,Glen Burnie,MD,2853 S Central Expy,21061,410-914-9018,40
70,vmondella@mondella.com,Vallie,Mondella,Boise,ID,74 W College St,83707,208-862-5339,34
71,kallie.blackwood@gmail.com,Kallie,Blackwood,San Francisco,CA,701 S Harrison Rd,94104,415-315-2761,33
72,johnetta_abdallah@aol.com,Johnetta,Abdallah,Chapel Hill,NC,1088 Pinehurst St,27514,919-225-9345,14
73,brhym@rhym.com,Bobbye,Rhym,San Carlos,CA,30 W 80th St #1995,94070,650-528-5783,37
74,micaela_rhymes@gmail.com,Micaela,Rhymes,Concord,CA,20932 Hedley St,94520,925-647-3298,33
75,tamar@hotmail.com,Tamar,Hoogland,London,OH,2737 Pistorio Rd #9230,43140,740-343-8575,29
76,moon@yahoo.com,Moon,Parlato,Wellsville,NY,74989 Brandon St,14895,585-866-8313,45
77,laurel_reitler@reitler.com,Laurel,Reitler,Baltimore,MD,6 Kains Ave,21215,410-520-4832,10
78,delisa.crupi@crupi.com,Delisa,Crupi,Newark,NJ,47565 W Grand Ave,7105,973-354-2040,10
79,viva.toelkes@gmail.com,Viva,Toelkes,Chicago,IL,4284 Dorigo Ln,60647,773-446-5569,39
80,elza@yahoo.com,Elza,Lipke,Newark,NJ,6794 Lake Dr E,7104,973-927-3447,10
81,devorah@hotmail.com,Devorah,Chickering,Clovis,NM,31 Douglas Blvd #950,88101,505-975-8559,39
82,timothy_mulqueen@mulqueen.org,Timothy,Mulqueen,Staten Island,NY,44 W 4th St,10309,718-332-6527,8
83,ahoneywell@honeywell.com,Arlette,Honeywell,Jacksonville,FL,11279 Loytan St,32254,904-775-4480,40
84,dominque.dickerson@dickerson.org,Dominque,Dickerson,Hayward,CA,69 Marquette Ave,94545,510-993-3758,3
85,lettie_isenhower@yahoo.com,Lettie,Isenhower,Beachwood,OH,70 W Main St,44122,216-657-7668,3
86,mmunns@cox.net,Myra,Munns,Euless,TX,461 Prospect Pl #316,76040,817-914-7518,35
87,stephaine@barfield.com,Stephaine,Barfield,Gardena,CA,47154 Whipple Ave Nw,90247,310-774-7643,41
88,lai.gato@gato.org,Lai,Gato,Evanston,IL,37 Alabama Ave,60201,847-728-7286,35
89,stephen_emigh@hotmail.com,Stephen,Emigh,Akron,OH,3777 E Richmond St #900,44302,330-537-5358,38
90,tshields@gmail.com,Tyra,Shields,Philadelphia,PA,3 Fort Worth Ave,19106,215-255-1641,46
91,twardrip@cox.net,Tammara,Wardrip,Burlingame,CA,4800 Black Horse Pike,94010,650-803-1936,19
92,cory.gibes@gmail.com,Cory,Gibes,San Gabriel,CA,83649 W Belmont Ave,91776,626-572-1096,16
93,danica_bruschke@gmail.com,Danica,Bruschke,Waco,TX,840 15th Ave,76708,254-782-8569,8
94,wilda@cox.net,Wilda,Giguere,Anchorage,AK,1747 Calle Amanecer #2,99501,907-870-5536,40
95,elvera.benimadho@cox.net,Elvera,Benimadho,San Jose,CA,99385 Charity St #840,95110,408-703-8505,13
96,carma@cox.net,Carma,Vanheusen,San Leandro,CA,68556 Central Hwy,94577,510-503-7169,31
97,malinda.hochard@yahoo.com,Malinda,Hochard,Indianapolis,IN,55 Riverside Ave,46202,317-722-5066,44
98,natalie.fern@hotmail.com,Natalie,Fern,Rock Springs,WY,7140 University Ave,82901,307-704-8713,15
99,lisha@centini.org,Lisha,Centini,Mc Lean,VA,64 5th Ave #1153,22102,703-235-3937,45
100,arlene_klusman@gmail.com,Arlene,Klusman,New Orleans,LA,3 Secor Rd,70112,504-710-5840,25
101,alease@buemi.com,Alease,Buemi,Boulder,CO,4 Webbs Chapel Rd,80303,303-301-4946,46
102,louisa@cronauer.com,Louisa,Cronauer,San Leandro,CA,524 Louisiana Ave Nw,94577,510-828-7047,1
103,angella.cetta@hotmail.com,Angella,Cetta,Honolulu,HI,185 Blackstone Bldge,96817,808-892-7943,37
104,cgoldammer@cox.net,Cyndy,Goldammer,Burnsville,MN,170 Wyoming Ave,55337,952-334-9408,19
105,rosio.cork@gmail.com,Rosio,Cork,High Point,NC,4 10th St W,27263,336-243-5659,8
106,ckorando@hotmail.com,Celeste,Korando,Lynbrook,NY,7 W Pinhook Rd,11563,516-509-2347,30
107,twana.felger@felger.org,Twana,Felger,Portland,OR,1 Commerce Way,97224,503-939-3153,25
108,estrella@aol.com,Estrella,Samu,Beloit,WI,64 Lakeview Ave,53511,608-976-7199,27
109,dkines@hotmail.com,Donte,Kines,Worcester,MA,3 Aspen St,1602,508-429-8576,7
110,tiffiny_steffensmeier@cox.net,Tiffiny,Steffensmeier,Miami,FL,32860 Sierra Rd,33133,305-385-9695,5
111,emiceli@miceli.org,Edna,Miceli,Erie,PA,555 Main St,16502,814-460-2655,40
112,sue@aol.com,Sue,Kownacki,Mesquite,TX,2 Se 3rd Ave,75149,972-666-3413,11
113,jshin@shin.com,Jesusa,Shin,Tullahoma,TN,2239 Shawnee Mission Pky,37388,931-273-8709,46
114,rolland@cox.net,Rolland,Francescon,Paterson,NJ,2726 Charcot Ave,7501,973-649-2922,2
115,pamella.schmierer@schmierer.org,Pamella,Schmierer,Homestead,FL,5161 Dorsett Rd,33030,305-420-8970,16
116,gkulzer@kulzer.org,Glory,Kulzer,Owings Mills,MD,55892 Jacksonville Rd,21117,410-224-9462,11
117,shawna_palaspas@palaspas.org,Shawna,Palaspas,Thousand Oaks,CA,5 N Cleveland Massillon Rd,91362,805-275-3566,13
118,brandon_callaro@hotmail.com,Brandon,Callaro,Honolulu,HI,7 Benton Dr,96819,808-215-6832,26
119,scarlet.cartan@yahoo.com,Scarlet,Cartan,Albany,GA,9390 S Howell Ave,31701,229-735-3378,36
120,oretha_menter@yahoo.com,Oretha,Menter,Boston,MA,8 County Center Dr #647,2210,617-418-5043,19
121,tsmith@aol.com,Ty,Smith,Hackensack,NJ,4646 Kaahumanu St,7601,201-672-1553,3
122,xuan@gmail.com,Xuan,Rochin,San Mateo,CA,2 Monroe St,94403,650-933-5072,16
123,lindsey.dilello@hotmail.com,Lindsey,Dilello,Ontario,CA,52777 Leaders Heights Rd,91761,909-639-9887,37
124,devora_perez@perez.org,Devora,Perez,Oakland,CA,72868 Blackington Ave,94606,510-955-3016,20
125,hdemesa@cox.net,Herman,Demesa,Troy,NY,9 Norristown Rd,12180,518-497-2940,20
126,rpapasergi@cox.net,Rory,Papasergi,Clarks Summit,PA,83 County Road 437 #8581,18411,570-867-7489,37
127,talia_riopelle@aol.com,Talia,Riopelle,Orange,NJ,1 N Harlem Ave #9,7050,973-245-2133,43
128,van.shire@shire.com,Van,Shire,Pittstown,NJ,90131 J St,8867,908-409-2890,38
129,lucina_lary@cox.net,Lucina,Lary,Cocoa,FL,8597 W National Ave,32922,321-749-4981,1
130,bok.isaacs@aol.com,Bok,Isaacs,Bronx,NY,6 Gilson St,10468,718-809-3762,18
131,rolande.spickerman@spickerman.com,Rolande,Spickerman,Pearl City,HI,65 W Maple Ave,96782,808-315-3077,34
132,hpaulas@gmail.com,Howard,Paulas,Denver,CO,866 34th Ave,80231,303-623-4241,14
133,kimbery_madarang@cox.net,Kimbery,Madarang,Rockaway,NJ,798 Lund Farm Way,7866,973-310-1634,9
134,thurman.manno@yahoo.com,Thurman,Manno,Absecon,NJ,9387 Charcot Ave,8201,609-524-3586,45
135,becky.mirafuentes@mirafuentes.com,Becky,Mirafuentes,Plainfield,NJ,30553 Washington Rd,7062,908-877-8409,2
136,beatriz@yahoo.com,Beatriz,Corrington,Middleboro,MA,481 W Lemon St,2346,508-584-4279,26
137,marti.maybury@yahoo.com,Marti,Maybury,Chicago,IL,4 Warehouse Point Rd #7,60638,773-775-4522,32
138,nieves_gotter@gmail.com,Nieves,Gotter,Portland,OR,4940 Pulaski Park Dr,97202,503-527-5274,13
139,lhagele@cox.net,Leatha,Hagele,Dallas,TX,627 Walford Ave,75227,214-339-1809,45
140,vklimek@klimek.org,Valentin,Klimek,Chicago,IL,137 Pioneer Way,60604,312-303-5453,8
141,melissa@cox.net,Melissa,Wiklund,Findlay,OH,61 13 Stoneridge #835,45840,419-939-3613,7
142,sheridan.zane@zane.com,Sheridan,Zane,Riverside,CA,2409 Alabama Rd,92501,951-645-3605,7
143,bulah_padilla@hotmail.com,Bulah,Padilla,Waco,TX,8927 Vandever Ave,76707,254-463-4368,19
144,audra@kohnert.com,Audra,Kohnert,Nashville,TN,134 Lewis Rd,37211,615-406-7854,9
145,dweirather@aol.com,Daren,Weirather,Milwaukee,WI,9 N College Ave #3,53216,414-959-2540,21
146,fjillson@aol.com,Fernanda,Jillson,Preston,MD,60480 Old Us Highway 51,21655,410-387-5260,37
147,gearldine_gellinger@gellinger.com,Gearldine,Gellinger,Irving,TX,4 Bloomfield Ave,75061,972-934-6914,29
148,chau@gmail.com,Chau,Kitzman,Beverly Hills,CA,429 Tiger Ln,90212,310-560-8022,39
149,theola_frey@frey.com,Theola,Frey,Massapequa,NY,54169 N Main St,11758,516-948-5768,21
150,cheryl@haroldson.org,Cheryl,Haroldson,Atlantic City,NJ,92 Main St,8401,609-518-7697,7
151,lmerced@gmail.com,Laticia,Merced,Cincinnati,OH,72 Mannix Dr,45203,513-508-7371,16
152,carissa.batman@yahoo.com,Carissa,Batman,Eugene,OR,12270 Caton Center Dr,97401,541-326-4074,25
153,lezlie.craghead@craghead.org,Lezlie,Craghead,Smithfield,NC,749 W 18th St #45,27577,919-533-3762,43
154,oshealy@hotmail.com,Ozell,Shealy,New York,NY,8 Industry Ln,10002,212-332-8435,18
155,arminda@parvis.com,Arminda,Parvis,Phoenix,AZ,1 Huntwood Ave,85017,602-906-9419,21
156,reita.leto@gmail.com,Reita,Leto,Indianapolis,IN,55262 N French Rd,46240,317-234-1135,34
157,yolando@cox.net,Yolando,Luczki,Syracuse,NY,422 E 21st St,13214,315-304-4759,24
158,lizette.stem@aol.com,Lizette,Stem,Cherry Hill,NJ,501 N 19th Ave,8002,856-487-5412,1
159,gpawlowicz@yahoo.com,Gregoria,Pawlowicz,Garden City,NY,455 N Main Ave,11530,516-212-1915,7
160,cdeleo@deleo.com,Carin,Deleo,Little Rock,AR,1844 Southern Blvd,72202,501-308-1040,5
161,chantell@yahoo.com,Chantell,Maynerich,Saint Paul,MN,2023 Greg St,55101,651-591-2583,17
162,dyum@yahoo.com,Dierdre,Yum,Philadelphia,PA,63381 Jenks Ave,19134,215-325-3042,40
163,larae_gudroe@gmail.com,Larae,Gudroe,Houma,LA,6651 Municipal Rd,70360,985-890-7262,2
164,latrice.tolfree@hotmail.com,Latrice,Tolfree,Ronkonkoma,NY,81 Norris Ave #525,11779,631-957-7624,21
165,kerry.theodorov@gmail.com,Kerry,Theodorov,Sacramento,CA,6916 W Main St,95827,916-591-3277,30
166,dhidvegi@yahoo.com,Dorthy,Hidvegi,Boise,ID,9635 S Main St,83704,208-649-2373,40
167,fannie.lungren@yahoo.com,Fannie,Lungren,Round Rock,TX,17 Us Highway 111,78664,512-587-5746,23
168,evangelina@aol.com,Evangelina,Radde,Philadelphia,PA,992 Civic Center Dr,19123,215-964-3284,39
169,novella_degroot@degroot.org,Novella,Degroot,Hilo,HI,303 N Radcliffe St,96720,808-477-4775,36
170,choa@hoa.org,Clay,Hoa,Reno,NV,73 Saint Ann St #86,89502,775-501-8109,37
171,jfallick@yahoo.com,Jennifer,Fallick,Wheeling,IL,44 58th St,60090,847-979-9545,36
172,irma.wolfgramm@hotmail.com,Irma,Wolfgramm,Randolph,NJ,9745 W Main St,7869,973-545-7355,7
173,eun@yahoo.com,Eun,Coody,Spartanburg,SC,84 Bloomfield Ave,29301,864-256-3620,7
174,sylvia_cousey@cousey.org,Sylvia,Cousey,Hampstead,MD,287 Youngstown Warren Rd,21074,410-209-9545,5
175,nana@aol.com,Nana,Wrinkles,Mount Vernon,NY,6 Van Buren St,10553,914-855-2115,24
176,layla.springe@cox.net,Layla,Springe,New York,NY,229 N Forty Driv,10011,212-260-3151,15
177,joesph_degonia@degonia.org,Joesph,Degonia,Berkeley,CA,2887 Knowlton St #5435,94710,510-677-9785,6
178,annabelle.boord@cox.net,Annabelle,Boord,Concord,MA,523 Marquette Ave,1742,978-697-6263,13
179,stephaine@cox.net,Stephaine,Vinning,San Francisco,CA,3717 Hamann Industrial Pky,94104,415-767-6596,37
180,nelida@gmail.com,Nelida,Sawchuk,Paramus,NJ,3 State Route 35 S,7652,201-971-1638,46
181,marguerita.hiatt@gmail.com,Marguerita,Hiatt,Oakley,CA,82 N Highway 67,94561,925-634-7158,34
182,ccookey@cookey.org,Carmela,Cookey,Chicago,IL,9 Murfreesboro Rd,60623,773-494-4195,26
183,jbrideau@aol.com,Junita,Brideau,Cedar Grove,NJ,6 S Broadway St,7009,973-943-3423,44
184,claribel_varriano@cox.net,Claribel,Varriano,Perrysburg,OH,6 Harry L Dr #6327,43551,419-544-4900,17
185,benton.skursky@aol.com,Benton,Skursky,Gardena,CA,47939 Porter Ave,90248,310-579-2907,39
186,hillary.skulski@aol.com,Hillary,Skulski,Homosassa,FL,9 Wales Rd Ne #914,34448,352-242-2570,26
187,merilyn_bayless@cox.net,Merilyn,Bayless,Santa Clara,CA,195 13n N,95054,408-758-5015,22
188,tennaco@gmail.com,Teri,Ennaco,Hazleton,PA,99 Tank Farm Rd,18201,570-889-5187,19
189,merlyn_lawler@hotmail.com,Merlyn,Lawler,Jersey City,NJ,4671 Alemany Blvd,7304,201-588-7810,3
190,gmontezuma@cox.net,Georgene,Montezuma,San Ramon,CA,98 University Dr,94583,925-615-5185,7
191,jmconnell@hotmail.com,Jettie,Mconnell,Bridgewater,NJ,50 E Wacker Dr,8807,908-802-3564,17
192,lemuel.latzke@gmail.com,Lemuel,Latzke,Bohemia,NY,70 Euclid Ave #722,11716,631-748-6479,5
193,mknipp@gmail.com,Melodie,Knipp,Thousand Oaks,CA,326 E Main St #6496,91362,805-690-1682,42
194,candida_corbley@hotmail.com,Candida,Corbley,Somerville,NJ,406 Main St,8876,908-275-8357,43
195,karan_karpin@gmail.com,Karan,Karpin,Beaverton,OR,3 Elmwood Dr,97005,503-940-8327,13
196,andra@gmail.com,Andra,Scheyer,Salem,OR,9 Church St,97302,503-516-2189,36
197,fpoullion@poullion.com,Felicidad,Poullion,Riverton,NJ,9939 N 14th St,8077,856-305-9731,13
198,belen_strassner@aol.com,Belen,Strassner,Douglasville,GA,5384 Southwyck Blvd,30135,770-507-8791,31
199,gracia@melnyk.com,Gracia,Melnyk,Jacksonville,FL,97 Airport Loop Dr,32216,904-235-3633,8
200,jhanafan@gmail.com,Jolanda,Hanafan,Bangor,ME,37855 Nolan Rd,4401,207-458-9196,24
201,barrett.toyama@toyama.org,Barrett,Toyama,Kennedale,TX,4252 N Washington Ave #9,76060,817-765-5781,45
202,helga_fredicks@yahoo.com,Helga,Fredicks,Buffalo,NY,42754 S Ash Ave,14228,716-752-4114,19
203,apinilla@cox.net,Ashlyn,Pinilla,Opa Locka,FL,703 Beville Rd,33054,305-670-9628,26
204,fausto_agramonte@yahoo.com,Fausto,Agramonte,New York,NY,5 Harrison Rd,10038,212-313-1783,44
205,ronny.caiafa@caiafa.org,Ronny,Caiafa,Philadelphia,PA,73 Southern Blvd,19103,215-605-7570,15
206,marge@gmail.com,Marge,Limmel,Crestview,FL,189 Village Park Rd,32536,850-430-1663,43
207,norah.waymire@gmail.com,Norah,Waymire,San Francisco,CA,6 Middlegate Rd #106,94107,415-306-7897,14
208,aliza@aol.com,Aliza,Baltimore,San Jose,CA,1128 Delaware St,95132,408-504-3552,3
209,mpelkowski@pelkowski.org,Mozell,Pelkowski,South San Francisco,CA,577 Parade St,94080,650-947-1215,29
210,viola@gmail.com,Viola,Bitsuie,Northridge,CA,70 Mechanic St,91325,818-864-4875,13
211,femard@emard.com,Franklyn,Emard,Philadelphia,PA,4379 Highway 116,19103,215-558-8189,43
212,willodean_konopacki@konopacki.org,Willodean,Konopacki,Lafayette,LA,55 Hawthorne Blvd,70506,337-253-8384,18
213,beckie.silvestrini@silvestrini.com,Beckie,Silvestrini,Dearborn,MI,7116 Western Ave,48126,313-533-4884,1
214,rgesick@gesick.org,Rebecka,Gesick,Austin,TX,2026 N Plankinton Ave #3,78754,512-213-8574,1
215,frederica_blunk@gmail.com,Frederica,Blunk,Dallas,TX,99586 Main St,75207,214-428-2285,25
216,glen_bartolet@hotmail.com,Glen,Bartolet,Vashon,WA,8739 Hudson St,98070,206-697-5796,20
217,freeman_gochal@aol.com,Freeman,Gochal,Coatesville,PA,383 Gunderman Rd #197,19320,610-476-3501,22
218,vincent.meinerding@hotmail.com,Vincent,Meinerding,Philadelphia,PA,4441 Point Term Mkt,19143,215-372-1718,26
219,rima@cox.net,Rima,Bevelacqua,Gardena,CA,2972 Lafayette Ave,90248,310-858-5079,27
220,gsarbacher@gmail.com,Glendora,Sarbacher,Rohnert Park,CA,2140 Diamond Blvd,94928,707-653-8214,20
221,avery@cox.net,Avery,Steier,Orlando,FL,93 Redmond Rd #492,32803,407-808-9439,21
222,cristy@lother.com,Cristy,Lother,Escondido,CA,3989 Portage Tr,92025,760-971-4322,19
223,nicolette_brossart@brossart.com,Nicolette,Brossart,Westborough,MA,1 Midway Rd,1581,508-837-9230,39
224,tracey@hotmail.com,Tracey,Modzelewski,Conroe,TX,77132 Coon Rapids Blvd Nw,77301,936-264-9294,16
225,virgina_tegarden@tegarden.com,Virgina,Tegarden,Milwaukee,WI,755 Harbor Way,53226,414-214-8697,31
226,tfrankel@aol.com,Tiera,Frankel,El Monte,CA,87 Sierra Rd,91731,626-636-4117,19
227,alaine_bergesen@cox.net,Alaine,Bergesen,Yonkers,NY,7667 S Hulen St #42,10701,914-300-9193,11
228,earleen_mai@cox.net,Earleen,Mai,Dallas,TX,75684 S Withlapopka Dr #32,75227,214-289-1973,24
229,leonida@gobern.org,Leonida,Gobern,Biloxi,MS,5 Elmwood Park Blvd,39530,228-235-5615,5
230,ressie.auffrey@yahoo.com,Ressie,Auffrey,Miami,FL,23 Palo Alto Sq,33134,305-604-8981,3
231,jmugnolo@yahoo.com,Justine,Mugnolo,New York,NY,38062 E Main St,10048,212-304-9225,27
232,eladia@saulter.com,Eladia,Saulter,Ramsey,NJ,3958 S Dupont Hwy #7,7446,201-474-4924,35
233,chaya@malvin.com,Chaya,Malvin,Ann Arbor,MI,560 Civic Center Dr,48103,734-928-5182,19
234,gwenn_suffield@suffield.org,Gwenn,Suffield,Deer Park,NY,3270 Dequindre Rd,11729,631-258-6558,7
235,skarpel@cox.net,Salena,Karpel,Canton,OH,1 Garfield Ave #7,44707,330-791-8557,45
236,yoko@fishburne.com,Yoko,Fishburne,New Haven,CT,9122 Carpenter Ave,6511,203-506-4706,29
237,taryn.moyd@hotmail.com,Taryn,Moyd,Fairfax,VA,48 Lenox St,22030,703-322-4041,34
238,katina_polidori@aol.com,Katina,Polidori,Wilmington,MA,5 Little River Tpke,1887,978-626-2978,27
239,rickie.plumer@aol.com,Rickie,Plumer,Toledo,OH,3 N Groesbeck Hwy,43613,419-693-1334,45
240,alex@loader.com,Alex,Loader,Tacoma,WA,37 N Elm St #916,98409,253-660-7821,13
241,lashon@aol.com,Lashon,Vizarro,Roseville,CA,433 Westminster Blvd #590,95661,916-741-7884,37
242,lburnard@burnard.com,Lauran,Burnard,Riverton,WY,66697 Park Pl #3224,82501,307-342-7795,25
243,ceola.setter@setter.org,Ceola,Setter,Warren,ME,96263 Greenwood Pl,4864,207-627-7565,8
244,my@hotmail.com,My,Rantanen,Richboro,PA,8 Mcarthur Ln,18954,215-491-5633,4
245,lorrine.worlds@worlds.com,Lorrine,Worlds,Tampa,FL,8 Fair Lawn Ave,33614,813-769-2939,11
246,peggie@cox.net,Peggie,Sturiale,El Cajon,CA,9 N 14th St,92020,619-608-1763,9
247,mraymo@yahoo.com,Marvel,Raymo,College Station,TX,9 Vanowen St,77840,979-718-8968,19
248,daron_dinos@cox.net,Daron,Dinos,Highland Park,IL,18 Waterloo Geneva Rd,60035,847-233-3075,18
249,an_fritz@hotmail.com,An,Fritz,Atlantic City,NJ,506 S Hacienda Dr,8401,609-228-5265,13
250,portia.stimmel@aol.com,Portia,Stimmel,Bridgewater,NJ,3732 Sherman Ave,8807,908-722-7128,2
251,rhea_aredondo@cox.net,Rhea,Aredondo,Brooklyn,NY,25657 Live Oak St,11226,718-560-9537,30
252,bsama@cox.net,Benedict,Sama,Saint Louis,MO,4923 Carey Ave,63104,314-787-1588,24
253,alyce@arias.org,Alyce,Arias,Stockton,CA,3196 S Rider Trl,95207,209-317-1801,33
254,heike@gmail.com,Heike,Berganza,Little Falls,NJ,3 Railway Ave #75,7424,973-936-5095,32
255,carey_dopico@dopico.org,Carey,Dopico,Indianapolis,IN,87393 E Highland Rd,46220,317-578-2453,35
256,dottie@hellickson.org,Dottie,Hellickson,Seattle,WA,67 E Chestnut Hill Rd,98133,206-540-6076,1
257,deandrea@yahoo.com,Deandrea,Hughey,Burlington,NC,33 Lewis Rd #46,27215,336-822-7652,30
258,kimberlie_duenas@yahoo.com,Kimberlie,Duenas,Hays,KS,8100 Jacksonville Rd #7,67601,785-629-8542,3
259,martina_staback@staback.com,Martina,Staback,Orlando,FL,7 W Wabansia Ave #227,32822,407-471-6908,28
260,skye_fillingim@yahoo.com,Skye,Fillingim,Minneapolis,MN,25 Minters Chapel Rd #9,55401,612-508-2655,2
261,jade.farrar@yahoo.com,Jade,Farrar,Columbia,SC,6882 Torresdale Ave,29201,803-352-5387,18
262,charlene.hamilton@hotmail.com,Charlene,Hamilton,Santa Rosa,CA,985 E 6th Ave,95407,707-300-1771,3
263,geoffrey@gmail.com,Geoffrey,Acey,Palatine,IL,7 West Ave #1,60067,847-222-1734,21
264,stevie.westerbeck@yahoo.com,Stevie,Westerbeck,Costa Mesa,CA,26659 N 13th St,92626,949-867-4077,9
265,pamella@fortino.com,Pamella,Fortino,Denver,CO,669 Packerland Dr #1438,80212,303-404-2210,18
266,hhaufler@hotmail.com,Harrison,Haufler,New Haven,CT,759 Eldora St,6515,203-801-6193,12
267,jengelberg@engelberg.org,Johnna,Engelberg,Bothell,WA,5 S Colorado Blvd #449,98021,425-986-7573,22
268,buddy.cloney@yahoo.com,Buddy,Cloney,Strongsville,OH,944 Gaither Dr,44136,440-989-5826,5
269,dalene.riden@aol.com,Dalene,Riden,Plaistow,NH,66552 Malone Rd,3865,603-315-6839,43
270,jzurcher@zurcher.org,Jerry,Zurcher,Satellite Beach,FL,77 Massillon Rd #822,32937,321-518-5938,36
271,hdenooyer@denooyer.org,Haydee,Denooyer,New York,NY,25346 New Rd,10016,212-792-8658,38
272,joseph_cryer@cox.net,Joseph,Cryer,Huntington Beach,CA,60 Fillmore Ave,92647,714-584-2237,29
273,deonna_kippley@hotmail.com,Deonna,Kippley,Southfield,MI,57 Haven Ave #90,48075,248-913-4677,11
274,raymon.calvaresi@gmail.com,Raymon,Calvaresi,Indianapolis,IN,6538 E Pomona St #60,46222,317-825-4724,4
275,alecia@aol.com,Alecia,Bubash,Wichita Falls,TX,6535 Joyce St,76301,940-276-7922,38
276,mlayous@hotmail.com,Ma,Layous,North Haven,CT,78112 Morris Ave,6473,203-721-3388,31
277,detra@aol.com,Detra,Coyier,Aberdeen,MD,96950 Hidden Ln,21001,410-739-9277,25
278,terrilyn.rodeigues@cox.net,Terrilyn,Rodeigues,New Orleans,LA,3718 S Main St,70130,504-463-4384,21
279,slacovara@gmail.com,Salome,Lacovara,Richmond,VA,9677 Commerce Dr,23219,804-550-5097,24
280,garry_keetch@hotmail.com,Garry,Keetch,Southampton,PA,5 Green Pond Rd #4,18966,215-979-8776,23
281,mneither@yahoo.com,Matthew,Neither,Shakopee,MN,636 Commerce Dr #42,55379,952-651-7597,6
282,theodora.restrepo@restrepo.com,Theodora,Restrepo,Miami,FL,42744 Hamann Industrial Pky #82,33136,305-936-8226,36
283,noah.kalafatis@aol.com,Noah,Kalafatis,Milwaukee,WI,1950 5th Ave,53209,414-263-5287,20
284,csweigard@sweigard.com,Carmen,Sweigard,Somerset,NJ,61304 N French Rd,8873,732-941-2621,18
285,lavonda@cox.net,Lavonda,Hengel,Fargo,ND,87 Imperial Ct #79,58102,701-898-2154,8
286,junita@aol.com,Junita,Stoltzman,Carson City,NV,94 W Dodge Rd,89701,775-638-9963,34
287,herminia@nicolozakes.org,Herminia,Nicolozakes,Scottsdale,AZ,4 58th St #3519,85254,602-954-5141,2
288,casie.good@aol.com,Casie,Good,Nashville,TN,5221 Bear Valley Rd,37211,615-390-2251,14
289,reena@hotmail.com,Reena,Maisto,Salisbury,MD,9648 S Main,21801,410-351-1863,26
290,mirta_mallett@gmail.com,Mirta,Mallett,New York,NY,7 S San Marcos Rd,10004,212-870-1286,32
291,cathrine.pontoriero@pontoriero.com,Cathrine,Pontoriero,Amarillo,TX,812 S Haven St,79109,806-703-1435,46
292,ftawil@hotmail.com,Filiberto,Tawil,Los Angeles,CA,3882 W Congress St #799,90016,323-765-2528,7
293,rupthegrove@yahoo.com,Raul,Upthegrove,La Mesa,CA,4 E Colonial Dr,91942,619-509-5282,14
294,sarah.candlish@gmail.com,Sarah,Candlish,Atlanta,GA,45 2nd Ave #9759,30328,770-732-1194,22
295,lucy@cox.net,Lucy,Treston,Worcester,MA,57254 Brickell Ave #372,1602,508-769-5250,20
296,jaquas@aquas.com,Judy,Aquas,Niles,MI,8977 Connecticut Ave Nw #3,49120,269-756-7222,36
297,yvonne.tjepkema@hotmail.com,Yvonne,Tjepkema,Fairfield,NJ,9 Waydell St,7004,973-714-1721,17
298,kayleigh.lace@yahoo.com,Kayleigh,Lace,Lafayette,LA,43 Huey P Long Ave,70508,337-740-9323,15
299,felix_hirpara@cox.net,Felix,Hirpara,Denver,PA,7563 Cornwall Rd #4462,17517,717-491-5643,45
300,tresa_sweely@hotmail.com,Tresa,Sweely,Valley Park,MO,22 Bridle Ln,63088,314-359-9566,40
301,kristeen@gmail.com,Kristeen,Turinetti,Arlington,TX,70099 E North Ave,76013,817-213-8851,23
302,jregusters@regusters.com,Jenelle,Regusters,Tampa,FL,3211 E Northeast Loop,33619,813-932-8715,44
303,renea@hotmail.com,Renea,Monterrubio,Atlanta,GA,26 Montgomery St,30328,770-679-4752,32
304,olive@aol.com,Olive,Matuszak,Cathedral City,CA,13252 Lighthouse Ave,92234,760-938-6069,4
305,lreiber@cox.net,Ligia,Reiber,Lansing,MI,206 Main St #2804,48933,517-906-1108,21
306,christiane.eschberger@yahoo.com,Christiane,Eschberger,Phoenix,AZ,96541 W Central Blvd,85034,602-390-4944,27
307,goldie.schirpke@yahoo.com,Goldie,Schirpke,Bangor,ME,34 Saint George Ave #2,4401,207-295-7569,44
308,loreta.timenez@hotmail.com,Loreta,Timenez,Clinton,MD,47857 Coney Island Ave,20735,301-696-6420,37
309,fabiola.hauenstein@hauenstein.org,Fabiola,Hauenstein,York,PA,8573 Lincoln Blvd,17404,717-809-3119,37
310,amie.perigo@yahoo.com,Amie,Perigo,Mesquite,TX,596 Santa Maria Ave #7913,75150,972-419-7946,33
311,raina.brachle@brachle.org,Raina,Brachle,Butte,MT,3829 Ventura Blvd,59701,406-318-1515,38
312,erinn.canlas@canlas.com,Erinn,Canlas,Livingston,NJ,13 S Hacienda Dr,7039,973-767-3008,42
313,cherry@lietz.com,Cherry,Lietz,Waterford,MI,40 9th Ave Sw #91,48329,248-980-6904,26
314,kattie@vonasek.org,Kattie,Vonasek,Cleveland,OH,2845 Boulder Crescent St,44103,216-923-3715,46
315,lilli@aol.com,Lilli,Scriven,Abilene,TX,33 State St,79601,325-631-1560,36
316,whitley.tomasulo@aol.com,Whitley,Tomasulo,Fort Worth,TX,2 S 15th St,76107,817-526-4408,17
317,badkin@hotmail.com,Barbra,Adkin,Brooklyn,NY,4 Kohler Memorial Dr,11230,718-201-3751,28
318,hermila_thyberg@hotmail.com,Hermila,Thyberg,Providence,RI,1 Rancho Del Mar Shopping C,2903,401-893-4882,3
319,jesusita.flister@hotmail.com,Jesusita,Flister,Lancaster,PA,3943 N Highland Ave,17601,717-885-9118,28
320,caitlin.julia@julia.org,Caitlin,Julia,Johnston,RI,5 Williams St,2919,401-948-4982,30
321,roosevelt.hoffis@aol.com,Roosevelt,Hoffis,Hialeah,FL,60 Old Dover Rd,33014,305-622-4739,11
322,hhalter@yahoo.com,Helaine,Halter,Jersey City,NJ,8 Sheridan Rd,7304,201-832-4168,12
323,lorean.martabano@hotmail.com,Lorean,Martabano,San Antonio,TX,85092 Southern Blvd,78204,210-856-4979,24
324,france.buzick@yahoo.com,France,Buzick,Brooklyn,NY,64 Newman Springs Rd E,11219,718-478-8504,22
325,jferrario@hotmail.com,Justine,Ferrario,Pomona,CA,48 Stratford Ave,91768,909-993-3242,22
326,adelina_nabours@gmail.com,Adelina,Nabours,Cleveland,OH,80 Pittsford Victor Rd #9,44103,216-230-4892,36
327,ddhamer@cox.net,Derick,Dhamer,New York,NY,87163 N Main Ave,10013,212-304-4515,10
328,jerry.dallen@yahoo.com,Jerry,Dallen,Richmond,VA,393 Lafayette Ave,23219,804-762-9576,26
329,leota.ragel@gmail.com,Leota,Ragel,Trion,GA,99 5th Ave #33,30753,706-221-4243,14
330,jamyot@hotmail.com,Jutta,Amyot,Broussard,LA,49 N Mays St,70518,337-515-1438,6
331,aja_gehrett@hotmail.com,Aja,Gehrett,Nutley,NJ,993 Washington Ave,7110,973-544-2677,29
332,kirk.herritt@aol.com,Kirk,Herritt,Vestal,NY,88 15th Ave Ne,13850,607-407-3716,10
333,leonora@yahoo.com,Leonora,Mauson,Passaic,NJ,3381 E 40th Ave,7055,973-412-2995,9
334,winfred_brucato@hotmail.com,Winfred,Brucato,Moscow,ID,201 Ridgewood Rd,83843,208-252-4552,21
335,tarra.nachor@cox.net,Tarra,Nachor,San Francisco,CA,39 Moccasin Dr,94104,415-411-1775,3
336,corinne@loder.org,Corinne,Loder,North Attleboro,MA,4 Carroll St,2760,508-942-4186,39
337,dulce_labreche@yahoo.com,Dulce,Labreche,Rochester,MI,9581 E Arapahoe Rd,48307,248-357-8718,46
338,kate_keneipp@yahoo.com,Kate,Keneipp,Green Bay,WI,33 N Michigan Ave,54301,920-353-6377,39
339,kaitlyn.ogg@gmail.com,Kaitlyn,Ogg,Baltimore,MD,2 S Biscayne Blvd,21230,410-665-4903,9
340,sherita.saras@cox.net,Sherita,Saras,Colorado Springs,CO,8 Us Highway 22,80937,719-669-1664,24
341,lstuer@cox.net,Lashawnda,Stuer,Toledo,OH,7422 Martin Ave #8,43607,419-588-8719,9
342,ernest@cox.net,Ernest,Syrop,Hyattsville,MD,94 Chase Rd,20785,301-998-9644,21
343,nobuko.halsey@yahoo.com,Nobuko,Halsey,New Bedford,MA,8139 I Hwy 10 #92,2745,508-855-9887,24
344,lavonna.wolny@hotmail.com,Lavonna,Wolny,Mc Lean,VA,5 Cabot Rd,22102,703-483-1970,9
345,llizama@cox.net,Lashaunda,Lizama,Hanover,MD,3387 Ryan Dr,21076,410-678-2473,13
346,mariann.bilden@aol.com,Mariann,Bilden,Austin,TX,3125 Packer Ave #9851,78753,512-223-4791,19
347,helene@aol.com,Helene,Rodenberger,Peoria,AZ,347 Chestnut St,85381,623-461-8551,5
348,roselle.estell@hotmail.com,Roselle,Estell,Bucyrus,OH,8116 Mount Vernon Ave,44820,419-571-5920,32
349,sheintzman@hotmail.com,Samira,Heintzman,Kent,WA,8772 Old County Rd #5410,98032,206-311-4137,7
350,margart_meisel@yahoo.com,Margart,Meisel,Cincinnati,OH,868 State St #38,45251,513-617-2362,8
351,kristofer.bennick@yahoo.com,Kristofer,Bennick,Bloomington,IN,772 W River Dr,47404,812-368-1511,42
352,wacuff@gmail.com,Weldon,Acuff,Arlington Heights,IL,73 W Barstow Ave,60004,847-353-2156,31
353,shalon@cox.net,Shalon,Shadrick,Brooklyn,NY,61047 Mayfield Ave,11223,718-232-2337,22
354,denise@patak.org,Denise,Patak,Orlando,FL,2139 Santa Rosa Ave,32801,407-446-4358,32
355,louvenia.beech@beech.com,Louvenia,Beech,Beverly Hills,CA,598 43rd St,90210,310-820-2117,32
356,audry.yaw@yaw.org,Audry,Yaw,Brandon,FL,70295 Pioneer Ct,33511,813-797-4816,40
357,kristel.ehmann@aol.com,Kristel,Ehmann,El Paso,TX,92899 Kalakaua Ave,79925,915-452-1290,18
358,vzepp@gmail.com,Vincenza,Zepp,El Cajon,CA,395 S 6th St #2,92020,619-603-5125,12
359,egwalthney@yahoo.com,Elouise,Gwalthney,Bladensburg,MD,9506 Edgemore Ave,20710,301-841-5012,13
360,venita_maillard@gmail.com,Venita,Maillard,Anaheim,CA,72119 S Walker Ave #63,92801,714-523-6653,25
361,kasandra_semidey@semidey.com,Kasandra,Semidey,Saint Louis,MO,369 Latham St #500,63102,314-732-9131,35
362,xdiscipio@gmail.com,Xochitl,Discipio,Round Rock,TX,3158 Runamuck Pl,78664,512-233-1831,41
363,mlinahan@yahoo.com,Maile,Linahan,Greensboro,NC,9 Plainsboro Rd #598,27409,336-670-2640,42
364,krauser@cox.net,Krissy,Rauser,Coram,NY,8728 S Broad St,11727,631-443-4710,29
365,pdubaldi@hotmail.com,Pete,Dubaldi,Lyndhurst,NJ,2215 Prosperity Dr,7071,201-825-2514,7
366,linn_paa@paa.com,Linn,Paa,Memphis,TN,1 S Pine St,38112,901-412-4381,42
367,paris@hotmail.com,Paris,Wide,Atlanta,GA,187 Market St,30342,404-505-4445,23
368,wynell_dorshorst@dorshorst.org,Wynell,Dorshorst,Pacifica,CA,94290 S Buchanan St,94044,650-473-1262,37
369,qbirkner@aol.com,Quentin,Birkner,Burnsville,MN,7061 N 2nd St,55337,952-702-7993,7
370,regenia.kannady@cox.net,Regenia,Kannady,Scottsdale,AZ,10759 Main St,85260,480-726-1280,40
371,sheron@aol.com,Sheron,Louissant,Long Island City,NY,97 E 3rd St #9,11101,718-976-8610,20
372,izetta.funnell@hotmail.com,Izetta,Funnell,Atlanta,GA,82 Winsor St #54,30340,770-844-3447,33
373,rodolfo@hotmail.com,Rodolfo,Butzen,Northfield,MN,41 Steel Ct,55057,507-210-3510,23
374,zona@hotmail.com,Zona,Colla,Norwalk,CT,49440 Dearborn St,6854,203-461-1949,34
375,szagen@aol.com,Serina,Zagen,Fort Wayne,IN,7 S Beverly Dr,46802,260-273-3725,23
376,paz_sahagun@cox.net,Paz,Sahagun,Meridian,MS,919 Wall Blvd,39307,601-927-8287,29
377,markus@yahoo.com,Markus,Lukasik,Sterling Heights,MI,89 20th St E #779,48310,586-970-7380,46
378,jaclyn@aol.com,Jaclyn,Bachman,Colorado Springs,CO,721 Interstate 45 S,80919,719-853-3600,3
379,cyril_daufeldt@daufeldt.com,Cyril,Daufeldt,New York,NY,3 Lawton St,10013,212-745-8484,16
380,gschnitzler@gmail.com,Gayla,Schnitzler,Hayward,CA,38 Pleasant Hill Rd,94545,510-686-3407,7
381,erick_nievas@aol.com,Erick,Nievas,Chicago,IL,45 E Acacia Ct,60624,773-704-9903,14
382,jennie@cox.net,Jennie,Drymon,Scranton,PA,63728 Poway Rd #1,18509,570-218-4831,40
383,mscipione@scipione.com,Mitsue,Scipione,Oroville,CA,77 222 Dr,95965,530-986-9272,32
384,cventura@yahoo.com,Ciara,Ventura,Port Jervis,NY,53 W Carey St,12771,845-823-8877,25
385,galen@yahoo.com,Galen,Cantres,Brook Park,OH,617 Nw 36th Ave,44142,216-600-6111,4
386,tfeichtner@yahoo.com,Truman,Feichtner,Bloomfield,NJ,539 Coldwater Canyon Ave,7003,973-852-2736,44
387,gail@kitty.com,Gail,Kitty,Anchorage,AK,735 Crawford Dr,99501,907-435-9166,44
388,dalene@schoeneck.org,Dalene,Schoeneck,Philadelphia,PA,910 Rahway Ave,19102,215-268-1275,3
389,gertude.witten@gmail.com,Gertude,Witten,Cincinnati,OH,7 Tarrytown Rd,45217,513-977-7043,11
390,lizbeth@yahoo.com,Lizbeth,Kohl,Gardena,CA,35433 Blake St #588,90248,310-699-1222,21
391,gberray@gmail.com,Glenn,Berray,Des Moines,IA,29 Cherry St #7073,50315,515-370-7348,12
392,lashandra@yahoo.com,Lashandra,Klang,King of Prussia,PA,810 N La Brea Ave,19406,610-809-1818,37
393,lnewville@newville.com,Lenna,Newville,Raleigh,NC,987 Main St,27601,919-623-2524,13
394,laurel@yahoo.com,Laurel,Pagliuca,Richland,WA,36 Enterprise St Se,99352,509-695-5199,21
395,mireya.frerking@hotmail.com,Mireya,Frerking,Pelham,NY,8429 Miller Rd,10803,914-868-5965,9
396,annelle@yahoo.com,Annelle,Tagala,Parkville,MD,5 W 7th St,21234,410-757-1035,3
397,dean_ketelsen@gmail.com,Dean,Ketelsen,Hicksville,NY,2 Flynn Rd,11801,516-847-4418,23
398,levi.munis@gmail.com,Levi,Munis,Worcester,MA,2094 Ne 36th Ave,1603,508-456-4907,24
399,sylvie@aol.com,Sylvie,Ryser,Tulsa,OK,649 Tulane Ave,74105,918-644-9555,13
400,sharee_maile@aol.com,Sharee,Maile,Muskegon,MI,2094 Montour Blvd,49442,231-467-9978,9
401,cordelia_storment@aol.com,Cordelia,Storment,Lafayette,LA,393 Hammond Dr,70506,337-566-6001,8
402,mollie_mcdoniel@yahoo.com,Mollie,Mcdoniel,Bowling Green,OH,8590 Lake Lizzie Dr,43402,419-975-3182,3
403,brett.mccullan@mccullan.com,Brett,Mccullan,La Mesa,CA,87895 Concord Rd,91942,619-461-9984,25
404,teddy_pedrozo@aol.com,Teddy,Pedrozo,Bridgeport,CT,46314 Route 130,6610,203-892-3863,43
405,tasia_andreason@yahoo.com,Tasia,Andreason,Kearny,NJ,4 Cowesett Ave,7032,201-920-9002,20
406,hubert@walthall.org,Hubert,Walthall,Barberton,OH,95 Main Ave #2,44203,330-903-1345,28
407,arthur.farrow@yahoo.com,Arthur,Farrow,Englewood,NJ,28 S 7th St #2824,7631,201-238-5688,5
408,vberlanga@berlanga.com,Vilma,Berlanga,Grand Rapids,MI,79 S Howell Ave,49546,616-737-3085,4
409,billye_miro@cox.net,Billye,Miro,Pearl,MS,36 Lancaster Dr Se,39208,601-567-5386,35
410,glenna_slayton@cox.net,Glenna,Slayton,Memphis,TN,2759 Livingston Ave,38118,901-640-9178,10
411,mitzie_hudnall@yahoo.com,Mitzie,Hudnall,Englewood,CO,17 Jersey Ave,80110,303-402-1940,34
412,bernardine_rodefer@yahoo.com,Bernardine,Rodefer,Memphis,TN,2 W Grand Ave,38112,901-901-4726,19
413,staci_schmaltz@aol.com,Staci,Schmaltz,Pasadena,CA,18 Coronado Ave #563,91106,626-866-2339,41
414,nichelle_meteer@meteer.com,Nichelle,Meteer,Chicago,IL,72 Beechwood Ter,60657,773-225-9985,7
415,jrhoden@yahoo.com,Janine,Rhoden,Astoria,NY,92 Broadway,11103,718-228-5894,9
416,ettie.hoopengardner@hotmail.com,Ettie,Hoopengardner,Richland,WA,39 Franklin Ave,99352,509-755-5393,42
417,eden_jayson@yahoo.com,Eden,Jayson,Baltimore,MD,4 Iwaena St,21202,410-890-7866,5
418,lynelle_auber@gmail.com,Lynelle,Auber,Newark,NJ,32820 Corkwood Rd,7104,973-860-8610,3
419,merissa.tomblin@gmail.com,Merissa,Tomblin,Bellflower,CA,34 Raritan Center Pky,90706,562-579-6900,33
420,golda_kaniecki@yahoo.com,Golda,Kaniecki,Toms River,NJ,6201 S Nevada Ave,8755,732-628-9909,20
421,catarina_gleich@hotmail.com,Catarina,Gleich,Denville,NJ,78 Maryland Dr #146,7834,973-210-3994,30
422,vkiel@hotmail.com,Virgie,Kiel,Denver,CO,76598 Rd  I 95 #1,80216,303-776-7548,43
423,jolene@yahoo.com,Jolene,Ostolaza,Newport News,VA,1610 14th St Nw,23608,757-682-7116,10
424,keneth@yahoo.com,Keneth,Borgman,Phoenix,AZ,86350 Roszel Rd,85012,602-919-4211,4
425,rikki@nayar.com,Rikki,Nayar,Miami,FL,1644 Clove Rd,33155,305-968-9487,37
426,elke_sengbusch@yahoo.com,Elke,Sengbusch,Phoenix,AZ,9 W Central Ave,85013,602-896-2993,24
427,hoa@sarao.org,Hoa,Sarao,Oak Hill,FL,27846 Lafayette Ave,32759,386-526-7800,34
428,trinidad_mcrae@yahoo.com,Trinidad,Mcrae,San Francisco,CA,10276 Brooks St,94105,415-331-9634,34
429,mari_lueckenbach@yahoo.com,Mari,Lueckenbach,San Diego,CA,1 Century Park E,92110,858-793-9684,45
430,selma.husser@cox.net,Selma,Husser,Jersey City,NJ,9 State Highway 57 #22,7306,201-991-8369,17
431,aonofrio@onofrio.com,Antione,Onofrio,San Bernardino,CA,4 S Washington Ave,92410,909-430-7765,30
432,ljurney@hotmail.com,Luisa,Jurney,Cambridge,MA,25 Se 176th Pl,2138,617-365-2134,14
433,clorinda.heimann@hotmail.com,Clorinda,Heimann,Escondido,CA,105 Richmond Valley Rd,92025,760-291-5497,6
434,dick@yahoo.com,Dick,Wenzinger,Gardena,CA,22 Spruce St #595,90248,310-510-9713,8
435,ahmed.angalich@angalich.com,Ahmed,Angalich,Harrisburg,PA,2 W Beverly Blvd,17110,717-528-8996,16
436,iluminada.ohms@yahoo.com,Iluminada,Ohms,Mesa,AZ,72 Southern Blvd,85204,480-293-2882,28
437,joanna_leinenbach@hotmail.com,Joanna,Leinenbach,Lake Worth,FL,1 Washington St,33461,561-470-4574,28
438,caprice@aol.com,Caprice,Suell,Nashville,TN,90177 N 55th Ave,37211,615-246-1824,14
439,stephane_myricks@cox.net,Stephane,Myricks,Burlington,KY,9 Tower Ave,41005,859-717-7638,43
440,quentin_swayze@yahoo.com,Quentin,Swayze,Milan,MI,278 Bayview Ave,48160,734-561-6170,24
441,annmarie_castros@gmail.com,Annmarie,Castros,Conroe,TX,80312 W 32nd St,77301,936-751-7961,26
442,shonda_greenbush@cox.net,Shonda,Greenbush,Clifton,NJ,82 Us Highway 46,7011,973-482-2430,27
443,clapage@lapage.com,Cecil,Lapage,Union City,NJ,4 Stovall St #72,7087,201-693-3967,16
444,jeanice.claucherty@yahoo.com,Jeanice,Claucherty,Miami,FL,19 Amboy Ave,33142,305-988-4162,23
445,josphine_villanueva@villanueva.com,Josphine,Villanueva,Moss,TN,63 Smith Ln #8343,38575,931-553-9774,10
446,dperruzza@perruzza.com,Daniel,Perruzza,Santa Ana,CA,11360 S Halsted St,92705,714-771-3880,32
447,cassi.wildfong@aol.com,Cassi,Wildfong,Rolling Meadows,IL,26849 Jefferson Hwy,60008,847-633-3216,35
448,britt@galam.org,Britt,Galam,Hatfield,PA,2500 Pringle Rd Se #508,19440,215-888-3304,18
449,adell.lipkin@lipkin.com,Adell,Lipkin,Whippany,NJ,65 Mountain View Dr,7981,973-654-1561,8
450,jacqueline.rowling@yahoo.com,Jacqueline,Rowling,Erie,PA,1 N San Saba,16501,814-865-8113,35
451,lonny_weglarz@gmail.com,Lonny,Weglarz,Salt Lake City,UT,51120 State Route 18,84115,801-293-9853,2
452,lonna_diestel@gmail.com,Lonna,Diestel,Fayetteville,NC,1482 College Ave,28301,910-922-3672,18
453,cristal@cox.net,Cristal,Samara,Los Angeles,CA,4119 Metropolitan Dr,90021,213-975-8026,9
454,kenneth.grenet@grenet.org,Kenneth,Grenet,East Lansing,MI,2167 Sierra Rd,48823,517-499-2322,42
455,emclaird@mclaird.com,Elli,Mclaird,Utica,NY,6 Sunrise Ave,13501,315-818-2638,37
456,ajeanty@gmail.com,Alline,Jeanty,South Bend,IN,55713 Lake City Hwy,46601,574-656-2800,24
457,sharika.eanes@aol.com,Sharika,Eanes,Orlando,FL,75698 N Fiesta Blvd,32806,407-312-1691,15
458,nu@gmail.com,Nu,Mcnease,Harrison,NJ,88 Sw 28th Ter,7029,973-751-9003,10
459,dcomnick@cox.net,Daniela,Comnick,Trenton,NJ,7 Flowers Rd #403,8611,609-200-8577,10
460,cecilia_colaizzo@colaizzo.com,Cecilia,Colaizzo,Madison,WI,4 Nw 12th St #3849,53717,608-382-4541,42
461,leslie@cox.net,Leslie,Threets,Katonah,NY,2 A Kelley Dr,10536,914-861-9748,31
462,nan@koppinger.com,Nan,Koppinger,Greensboro,NC,88827 Frankford Ave,27401,336-370-5333,39
463,idewar@dewar.com,Izetta,Dewar,Baltimore,MD,2 W Scyene Rd #3,21217,410-473-1708,18
464,tegan.arceo@arceo.org,Tegan,Arceo,Monroe Township,NJ,62260 Park Stre,8831,732-730-2692,10
465,ruthann@hotmail.com,Ruthann,Keener,Kerrville,TX,3424 29th St Se,78028,830-258-2769,20
466,joni_breland@cox.net,Joni,Breland,Elk Grove Village,IL,35 E Main St #43,60007,847-519-5906,12
467,vrentfro@cox.net,Vi,Rentfro,Freehold,NJ,7163 W Clark Rd,7728,732-605-4781,23
468,colette.kardas@yahoo.com,Colette,Kardas,Omaha,NE,21575 S Apple Creek Rd,68124,402-896-5943,43
469,malcolm_tromblay@cox.net,Malcolm,Tromblay,Annandale,VA,747 Leonis Blvd,22003,703-221-5602,30
470,ryan@cox.net,Ryan,Harnos,Plano,TX,13 Gunnison St,75075,972-558-1665,34
471,jess.chaffins@chaffins.org,Jess,Chaffins,New York,NY,18 3rd Ave,10016,212-510-4633,38
472,sbourbon@yahoo.com,Sharen,Bourbon,Syosset,NY,62 W Austin St,11791,516-816-1541,39
473,nickolas_juvera@cox.net,Nickolas,Juvera,Crystal River,FL,177 S Rider Trl #52,34429,352-598-8301,3
474,gary_nunlee@nunlee.org,Gary,Nunlee,Fortville,IN,2 W Mount Royal Ave,46040,317-542-6023,22
475,diane@cox.net,Diane,Devreese,Saint Joseph,MO,1953 Telegraph Rd,64504,816-557-9673,7
476,roslyn.chavous@chavous.org,Roslyn,Chavous,Jackson,MS,63517 Dupont St,39211,601-234-9632,18
477,glory@yahoo.com,Glory,Schieler,Abilene,TX,5 E Truman Rd,79602,325-869-2649,45
478,rasheeda@aol.com,Rasheeda,Sayaphon,Saratoga,CA,251 Park Ave #979,95070,408-805-4309,15
479,alpha@yahoo.com,Alpha,Palaia,Cherry Hill,NJ,43496 Commercial Dr #29,8003,856-312-2629,21
480,refugia.jacobos@jacobos.com,Refugia,Jacobos,Hayward,CA,2184 Worth St,94545,510-974-8671,2
481,shawnda.yori@yahoo.com,Shawnda,Yori,Longwood,FL,50126 N Plankinton Ave,32750,407-538-5106,45
482,mdelasancha@hotmail.com,Mona,Delasancha,Cheyenne,WY,38773 Gravois Ave,82001,307-403-1488,42
483,gilma_liukko@gmail.com,Gilma,Liukko,Garden City,NY,16452 Greenwich St,11530,516-393-9967,46
484,jgabisi@hotmail.com,Janey,Gabisi,Madison,WI,40 Cambridge Ave,53715,608-967-7194,3
485,lili.paskin@cox.net,Lili,Paskin,Kearny,NJ,20113 4th Ave E,7032,201-431-2989,4
486,loren.asar@aol.com,Loren,Asar,Old Forge,PA,6 Ridgewood Center Dr,18518,570-648-3035,43
487,dorothy@cox.net,Dorothy,Chesterfield,San Diego,CA,469 Outwater Ln,92126,858-617-7834,36
488,gail_similton@similton.com,Gail,Similton,Thousand Palms,CA,62 Monroe St,92276,760-616-5388,22
489,catalina@hotmail.com,Catalina,Tillotson,Margate City,NJ,3338 A Lockport Pl #6,8402,609-373-3332,17
490,lawrence.lorens@hotmail.com,Lawrence,Lorens,Providence,RI,9 Hwy,2906,401-465-6432,37
491,carlee.boulter@hotmail.com,Carlee,Boulter,Abilene,KS,8284 Hart St,67410,785-347-1805,16
492,tankeny@ankeny.org,Thaddeus,Ankeny,Roseville,CA,5 Washington St #1,95678,916-920-3571,8
493,joles@gmail.com,Jovita,Oles,Daytona Beach,FL,8 S Haven St,32114,386-248-4118,40
494,alesia_hixenbaugh@hixenbaugh.org,Alesia,Hixenbaugh,Washington,DC,9 Front St,20001,202-646-7516,14
495,lai@gmail.com,Lai,Harabedian,Novato,CA,1933 Packer Ave #2,94945,415-423-3294,20
496,bgillaspie@gillaspie.com,Brittni,Gillaspie,Boise,ID,67 Rv Cent,83709,208-709-1235,12
497,rkampa@kampa.org,Raylene,Kampa,Elkhart,IN,2 Sw Nyberg Rd,46514,574-499-1454,21
498,flo.bookamer@cox.net,Flo,Bookamer,Alliance,NE,89992 E 15th St,69301,308-726-2182,28
499,jbiddy@yahoo.com,Jani,Biddy,Seattle,WA,61556 W 20th Ave,98104,206-711-6498,39
500,chauncey_motley@aol.com,Chauncey,Motley,Orlando,FL,63 E Aurora Dr,32804,407-413-4842,24
